EID	Genename	Sample_1	Sample_2	Sample_3	Sample_4	Sample_5	Sample_6	Sample_7	Sample_8	Sample_9	Sample_10
11287	Pzp	0	0	0	0	0	0	0	0	0	0
11298	Aanat	0	0	0	0	0	0	0	0	0	0
11302	Aatk	0.182178665069323	0	0	0.186589485224766	1.82984581098879	0	4.92699721803138	0	0	0.334491697146579
11303	Abca1	0.822347710874755	7.14709990995847	6.50583623605313	25.8693525138727	0.865318232768691	9.83152755102557	9.53154942435838	17.105975326664	54.3159476791688	0
11304	Abca4	0	0	0	0	0	0	0	0	0	0
11305	Abca2	0.804243074787684	7.90145747754645	5.16961664312108	0.353020719514428	7.00094077834378	8.77165073129172	0	4.14659690825717	0.963318584301944	0.0703162759538047
11306	Abcb7	15.2480600725907	34.3681527216273	0	1.53972774897318	0.431422927966761	0	0	0	0	0.788631405427374
11307	Abcg1	41.6448973720158	4.21513566987834	0.735413201051874	26.3318120319711	8.10972825992973	42.1141646178887	0	19.5677988915682	52.1725657055032	0
11308	Abi1	0	0	0	10.4810055465156	27.1730797763639	2.07235422193252	0	0.87831404825399	0	0.215964254106336
11350	Abl1	3.24807627478643	0	0	2.74815760317742	0	0.207341903056448	0	0	0	0
11352	Abl2	0.0987868176641878	28.481972481847	1.36768058892107	1.11296455008789	5.82113121698964	0	0	2.0900296551603	24.8485412779803	1.20919282850273
11354	Scgb1b27	0	0	0	0	0	0	0	0	0	0
11363	Acadl	6.34913222359154	0	2.1975565930816	9.75428143114172	39.1136117520146	114.65900800673	0	37.1378502923822	0	17.097539665441
11364	Acadm	0	36.4911095305736	2.07606219365808	0	56.2300436311802	0	0	0	172.428286989227	0
11370	Acadvl	0	0	0	32.4215433504079	2.64959666287691	6.63948953187705	0	18.2908499125654	0	1.3838294527289
11409	Acads	0	0	0	0	0	0	0	0	0	0
11416	Slc33a1	37.6351828730894	0	1.37118521567039	7.7092774787405	16.7123182208111	9.88799057606096	12.4997698479877	121.778861717676	5.69422049602476	95.0436407981875
11418	Asic2	0	0	0	0	0	0	0	0	0	0
11419	Asic1	0	2.3293038788999	1.52397303073085	0	7.81309635899553	0	0.496163879690504	0	0	0
11421	Ace	0	0	0	0	0	0	0	0	0	0
11423	Ache	0	3.94052003228508	0	0	0.443355574975121	0	0	0	0	0
11425	Apoc4	0	0	0	0	0	0	0	0	0	0
11426	Macf1	0.316421095530702	2.04011488037546	1.77969053927721	2.63316728453505	1.93341028544635	0.0580716465292092	0.267423921595899	5.41467830675289	0.0947519261730589	0
11428	Aco1	0	0	0	0	0	2.10222318472838	0	1.06916788809802	0	0
11429	Aco2	51.8316730599904	76.2327386978004	168.573550044148	13.7292920721561	61.0369926542338	0	3.02107876745078	61.1694330390762	9.63368301404767	64.5380461386124
11430	Acox1	15.4861954664322	20.4813844800837	0	7.62554788821899	7.77735139612028	27.5467672475337	2.68475673113533	20.384901354703	11.7716662818735	82.3846687239354
11431	Acp1	0	0	0	0.393280352434318	11.8275870370885	2.25507654389118	0	17.6814898087269	0	0
11432	Acp2	0	0	189.203454407445	0	2.94914110576245	0	0	6.7708740596706	0	0
11433	Acp5	0	0	0	0	0	0	0	0	0	0
11434	Acr	0	0	0	0	0	0	0	0	0	0
11435	Chrna1	0.858896498024744	0	0	0	0	0	0	0	0	0
11438	Chrna4	0	0	0	0	0	0	0	0	0	0
11440	Chrna6	0	0	0	0	0	0	0	0	0	0
11441	Chrna7	0	0	0	0	0	0	0	0	0	0
11443	Chrnb1	0	0	0	0	0	0	0	0	0	0
11444	Chrnb2	0	0	0	0	0	0	0	7.86574726297593	0	0
11447	Chrnd	0	0	0	0	0	0	0	0	0	0
11448	Chrne	0	0	0	0	0	0	0	0	0	0
11449	Chrng	0	0	0	0	0	0	0	0	0	0
11450	Adipoq	0	0	0	0	0	0	0	0	0	0
11451	Acrv1	0	0	0	0	0	0	0	0	0	0
11459	Acta1	0	0	128.070968450782	1.61267474881087	0	0	0	0	0	0
11461	Actb	518.557055620572	982.837687436055	213.022224919194	712.173048243926	489.722729008887	928.618196829776	95.9153858901966	611.135006444594	251.743929801357	539.766011241782
11464	Actc1	0	0	0	0	1.78745657709394	0	0	0	0	0
11465	Actg1	835.859569777829	308.323153472973	45.2042264342446	274.218567174385	334.94834845037	441.990537693991	36.7931451438919	713.546691910334	26.5940741469569	905.627969544021
11468	Actg2	0	0	0	0	0	0	0	0	0	0
11470	Actl7a	0	0	0	0	0	0	0	0	0	0
11471	Actl7b	0	0	0	0	0	0	0	0	0	0
11472	Actn2	0	0	0	0	0	0	0	0	0	0
11474	Actn3	0	0	0	0	1.43434051619939	0	0	0	0	0
11475	Acta2	0	0	0	0.449363609503703	0.293787943970743	0	0	0	0.525521945979346	0
11477	Acvr1	0	0	0	1.85360845067448	7.02881422521283	0	0.815759050658839	0	0	3.32289161827352
11479	Acvr1b	4.17277650862224	0	0	0.284920381284512	0.372554302318275	0	0	0.346209034989905	0	0
11480	Acvr2a	8.45497411552491	0.57344562627781	0.750366387961956	1.9983881045957	1.30651953137278	0.636599609804863	0	2.1584510002666	0	0
11481	Acvr2b	0	0.164215806541256	0.429760088678141	0.254343141289216	4.73915552665907	0	0	0.154527193009248	0	0
11482	Acvrl1	0	0	0	0	0	0	0	0	0	0
11484	Aspa	0	0	0	0	0	0	0	0	0	0
11486	Ada	0	0	0	0	0	0	0	0	0	0
11487	Adam10	12.128239937242	11.4064320694353	3.73139267232335	8.55729711721924	30.4998492427644	0	0	42.9338433873033	0.968476595586691	10.3918384768992
11488	Adam11	0	0	0	0	0	0	0	0	0	0
11489	Adam12	0	0	0	0	0	0	0	0	0	0
11490	Adam15	0	0.497643337072544	0	0	2.51958690007157	0	3.39208844064649	0	0	0.230287408166324
11491	Adam17	3.00528396923171	19.8733047697504	1.89124817465119	0	13.9037561891027	0.401126659370084	1.23147721497736	0	0.327246822557052	0
11492	Adam19	0	0	0	0	0	0	0	0	0	0.117630879664756
11495	Adam2	0	0	0	0	0	0	0	0	0	0
11496	Adam22	0	0	0	12.7629600553534	4.21426935708083	0.184805657130915	1.41840457770265	21.774384934821	0	0.0770358956485556
11497	Adam3	0	0	0	0	0	0	0.905603858382473	0	0	0
11498	Adam4	0	0	0	0	0.355445585430698	0	0	0	0	0
11499	Adam5	0	0	0	0	0	0	0	0	0	0
11500	Adam7	0	0	0	0	0	0	0	0	0	0
11501	Adam8	0	0	0	0	0	0	0	5.24101356845116	0	0
11502	Adam9	0	0	1.05517383370051	2.49791671716231	6.32828065951671	4.02837157572476	0	15.5555977698225	48.9311838811718	1.30605939721443
11504	Adamts1	0	0	0	0	0	0	0	0	0	0
11512	Adcy6	4.53580263478346	38.5088106166489	0	0.149858750170465	1.46963482914976	0.859292741970128	0.659517017887437	5.46283699124021	0	26.0586561927159
11513	Adcy7	0	0	0	0	0	0	0	0	0	0
11514	Adcy8	0	0	0	0	0	0	0	0	0	0
11515	Adcy9	1.19779699779876	0	4.73806335730267	38.3812351033226	3.43741649441142	30.3989965167644	149.630615153194	11.0737076947131	0.204959375444905	0
11516	Adcyap1	0	0	0	0	0	0	0	0	0	0
11517	Adcyap1r1	0	0	0	0	0	0	0	0	0	0
11518	Add1	0.814763476387109	2.51433367209095	0	0.834490128584281	3.27347120179259	0	4.28461588333526	1.35199417616611	0.325306624004342	8.64331246232341
11519	Add2	0	0	0	0	0	0	0	0	0	0
11520	Plin2	0	0	0	0	0	184.59077544045	0	0	0	0
11522	Adh1	267.944802562202	0	0	131.993317924693	3.72498447100536	646.591217248858	6.2686252086235	0	119.937187029463	0
11529	Adh7	0	0	0	0	0	0	0	0	0	0
11532	Adh5	39.532770320043	0	47.4718096128443	128.080353786429	32.4144115089443	113.715875504869	0	3.01222185824876	0	0.493773457692569
11534	Adk	2.24874719482842	16.3575364895745	0	18.4255420391409	38.3978171970271	48.6991467414245	0	135.033798330031	0	143.477324699095
11535	Adm	0	0	0	0	0	0	0	0	0	0
11536	Gpr182	0	0	0	1.49557971096923	0	0	0	0	0	0
11537	Cfd	0	0	0	0	0	0	0	0	0	0
11538	Adnp	0.504511913993731	183.826281985633	0	6.97581325926073	18.5806044352209	0	1.13703800779166	27.3127365188997	0.302151002593468	14.0491288330586
11539	Adora1	0.425093987680231	0	0	3.48308923235178	0	1.24825598004356	0	0	0	0
11540	Adora2a	0	0	0	0	0	0	0	0	0	10.081756135225
11541	Adora2b	0	0	0	0.686960962684891	0	0	0	0	0	0
11542	Adora3	0	0	0	9.69601632518953	0	0	0	6.23737430260516	0.667017724320475	0
11544	Adprh	8.59439073197217	0	0	37.6105702551953	19.3575261654962	2.29425191025695	0	41.8114661347442	0	0
11545	Parp1	0	0	14.5416574766654	0.993014906081216	11.6859585991352	23.2503577113797	0	10.8595832187766	0	0.593379705233374
11546	Parp2	3.10288749913606	0	0	23.517296819902	2.90883968809568	0	0	19.3081456292664	0	3.03845342957434
11548	Adra1b	0	0	0	0	0	0	0	0	0	0
11549	Adra1a	0	0	0	0	0	0	0	0	0	0
11550	Adra1d	0	0	0	0	0	0	0	0	0	0
11551	Adra2a	0.325390938478198	0	1.12624052705155	47.3242184049232	0	41.085880894312	1.46669227892726	62.3635324685683	23.3851044311882	0
11552	Adra2b	0	0	0	0	0	0	0	0	0	0
11553	Adra2c	0	0	0	0	0	0	0	0	0	0
11554	Adrb1	0	0	0	0	35.5745238473413	0	0	0	0	0
11555	Adrb2	0	0	0	0	0	0	0	0	0	0
11556	Adrb3	0	0	0	0	0	0	0	0	0	0
11564	Adsl	0	0	1.0736995844803	4.44810238592253	0.415444301005029	0	0	5.79099085615168	0	0.949278543569987
